{
	"format_version": "1.8.0",
	"animations": {
		"animation.sableye_mega.ground_idle": {
			"loop": true,
			"animation_length": 6.5,
			"bones": {
				"body": {
					"rotation": [0, -55, 0],
					"position": [0, -1.4, 0]
				},
				"torso": {
					"rotation": [12.8197, "17.3462+1", "2.3451+1"],
					"position": {
						"0.0": [0.01395, "-0.9913-0.1*(math.sin(q.anim_time*90*2-90)*1)", 0.13051],
						"6.5": [0.01, "-0.8813-0.1*(math.sin(q.anim_time*90*2-90)*1)", 0.13]
					}
				},
				"chest": {
					"rotation": {
						"0.0": ["27.5-(math.sin(q.anim_time*90*2.5-60)*1+1)", 0, 0],
						"6.5": ["27.8-(math.sin(q.anim_time*90*2.5-60)*1+1)", 0, 0]
					}
				},
				"head": {
					"rotation": {
						"0.0": [4.95744, 0.65182, -7.47178],
						"1.125": [4.98107, -0.43523, 4.98107],
						"1.4583": [4.92583, 1.6236, 10.17733],
						"1.5": [5.17182, -0.38215, 32.59023],
						"1.5417": [4.92583, 1.6236, 10.17733],
						"1.75": [4.92583, 1.6236, 10.17733],
						"1.7917": [4.06972, 0.71545, -9.95593],
						"1.8333": [4.11649, 0.35834, -4.96848],
						"3.3333": [4.06972, 0.71545, -9.95593],
						"3.375": [4.06921, -0.71838, 9.99312],
						"3.4167": [4.12817, 0.1786, -2.47492],
						"3.4583": [4.95744, 0.65182, -7.47178],
						"4.5": [4.99527, 0.21782, -2.4905],
						"4.5417": [4.69986, 1.70818, -19.9299],
						"4.5833": [4.76968, 1.50179, -17.43745],
						"5.5417": [4.69986, 1.70818, -19.9299],
						"5.5833": [4.95744, 0.65182, -7.47178],
						"6.375": [4.95944, -0.65423, 7.47351],
						"6.4167": [4.72965, -1.49049, 17.43936],
						"6.4583": [4.95744, 0.65182, -7.47178]
					}
				},
				"arm_right": {
					"rotation": [-102.0012, 9.3328, -8.0487],
					"position": [1, -1, 1]
				},
				"arm_right2": {
					"rotation": [0, -17.5, 0]
				},
				"arm_left": {
					"rotation": ["-260.7316+15", "61.8169+15", "-212.8481+40"]
				},
				"arm_left2": {
					"rotation": [-10.724, 31.0108, 26.4003]
				},
				"leg_right": {
					"rotation": [-64.9644, 57.0847, -2.8561],
					"position": [0, "-1-0.1", 0.1]
				},
				"leg_right2": {
					"rotation": [69.9841, 0.3695, -0.5377]
				},
				"leg_left": {
					"rotation": [-51.9823, -33.9084, -11.2372],
					"position": [0, "-1-0", 0.1]
				},
				"leg_left2": {
					"rotation": [70.5168, -5.1904, 6.8201]
				},
				"gem": {
					"rotation": [22.5, 0, 0],
					"position": [0, -0.5, -0.5]
				},
				"foot_right": {
					"rotation": [-5.0078, 0.1429, 2.0615]
				},
				"foot_left": {
					"rotation": [-12.6881, 0.2289, 0.9288]
				},
				"finger_right1": {
					"rotation": [-5.416, -16.6657, "60.7938-1*(math.sin(q.anim_time*260*1)*3)"],
					"position": [1, 0, 0]
				},
				"finger_right2": {
					"rotation": [0, 0, "82.5-1*(math.sin(q.anim_time*270*1)*3)"],
					"position": [1, 0, 0]
				},
				"finger_right3": {
					"rotation": [0, 12.5, "75-1*(math.sin(q.anim_time*280*1)*3)"],
					"position": [1, 0, 0]
				},
				"finger_left1": {
					"rotation": [3.1339, 17.2257, "-9.5251+1*(math.sin(q.anim_time*260*1)*3)"]
				},
				"finger_left2": {
					"rotation": [0, 0, "-20+1*(math.sin(q.anim_time*270*1)*3)"]
				},
				"finger_left3": {
					"rotation": [-1.7538, -9.8466, "-14.849+1*(math.sin(q.anim_time*280*1)*3)"]
				},
				"ear_left": {
					"rotation": [18.8164, 9.4278, 8.7306]
				},
				"head2": {
					"rotation": {
						"0.0": [-7.5, 32.5, 0],
						"6.5": [-7.5, 32.5, 0]
					}
				},
				"gem2": {
					"rotation": [-1.3003, 10.4653, 3.9061],
					"position": [-6, 0, -1],
					"scale": 1.5
				},
				"hand_left": {
					"rotation": [0, 0, 10]
				},
				"hand_right": {
					"rotation": [2.1856, -9.7607, -12.6866]
				},
				"mouth_open": {
					"position": [0, -0.1, -0.1]
				},
				"head_angle": {
					"rotation": [-33.4475, 24.3411, -2.7346]
				},
				"ear_right": {
					"rotation": [18.8164, -9.4278, -8.7306]
				},
				"gem3": {
					"scale": 0
				}
			}
		},
		"animation.sableye_mega.shoulder_left": {
			"loop": true,
			"bones": {
				"body": {
					"position": [1.5, -6, -1.5]
				},
				"torso": {
					"rotation": [0, 0, 7.5],
					"position": [0, "-0.1*(math.sin(q.anim_time*90*2.5-90)*2+1)", 0]
				},
				"chest": {
					"rotation": [30, 0, 0]
				},
				"head": {
					"rotation": [-14.78217, 2.57594, "9.6658 +(math.sin(q.anim_time*260*1)*1+1)"]
				},
				"arm_right": {
					"rotation": [147.5143, -60.91457, -141.38112]
				},
				"arm_right2": {
					"rotation": [0, -47.5, 0]
				},
				"finger_right1": {
					"rotation": [0, 0, "1*(math.sin(q.anim_time*260*1)*30+1)"]
				},
				"finger_right2": {
					"rotation": [0, 0, "1*(math.sin(q.anim_time*270*1)*30+1)"]
				},
				"finger_right3": {
					"rotation": [0, 0, "1*(math.sin(q.anim_time*280*1)*30+1)"]
				},
				"arm_left": {
					"rotation": [-175.1631, 5.7386, 15.2426],
					"position": [-0.25384, -0.9636, 0.0839]
				},
				"arm_left2": {
					"rotation": [1.7893, 8.0729, 84.5155]
				},
				"leg_right": {
					"rotation": [-70, 0, 0]
				},
				"leg_right2": {
					"rotation": ["60 +(math.sin(q.anim_time*260*1)*10+1)", 0, 0]
				},
				"foot_right": {
					"rotation": [40, 0, 0]
				},
				"leg_left": {
					"rotation": [-74.9354, -21.86002, 11.46542]
				},
				"leg_left2": {
					"rotation": [85, 0, 0]
				},
				"foot_left": {
					"rotation": [40, 0, 0]
				},
				"gem": {
					"position": [9, 0, 0],
					"scale": 0
				},
				"ear_left": {
					"rotation": [-47.5, 0, 0],
					"position": [0, 1, 0]
				},
				"gem2": {
					"position": [0, 1, 0],
					"scale": 0
				},
				"ear_right": {
					"rotation": [-47.5, 0, 0],
					"position": [0, 1, 0]
				},
				"mouth_closed": {
					"position": [0, -0.1, -0.1]
				},
				"head_angle": {
					"rotation": [0, 0, 0]
				},
				"gem3": {
					"scale": 1.5
				}
			}
		},
		"animation.sableye_mega.shoulder_right": {
			"loop": true,
			"bones": {
				"body": {
					"rotation": [0, 15, 0],
					"position": [-0.5, -6, -1.5]
				},
				"torso": {
					"rotation": [0, 20, -7.5],
					"position": [0, "-0.1*(math.sin(q.anim_time*90*2.5-90)*2+1)", 0]
				},
				"chest": {
					"rotation": [10, 0, 0]
				},
				"head": {
					"rotation": [8.8783, -29.59891, "-14.4273 +(math.sin(q.anim_time*260*1)*1+1)"]
				},
				"arm_right": {
					"rotation": [-174.2505, -33.1268, -17.9072],
					"position": [0.25384, -0.9636, 0.0839]
				},
				"arm_right2": {
					"rotation": [-9.198, 4.971, -79.0051]
				},
				"arm_left": {
					"rotation": [86.32722, 46.47009, 91.20571],
					"position": [0, 1, 1]
				},
				"arm_left2": {
					"rotation": [0, 20, 0]
				},
				"finger_left1": {
					"rotation": [0, 0, "1*(math.sin(q.anim_time*260*1)*30+1)"]
				},
				"finger_left2": {
					"rotation": [0, 0, "1*(math.sin(q.anim_time*270*1)*30+1)"]
				},
				"finger_left3": {
					"rotation": [0, 0, "1*(math.sin(q.anim_time*280*1)*30+1)"]
				},
				"leg_right": {
					"rotation": [-43.11977, 23.39896, 9.06159]
				},
				"leg_right2": {
					"rotation": ["35 +(math.sin(q.anim_time*260*1)*10+1)", 0, 0]
				},
				"foot_right": {
					"rotation": [40, 0, 0]
				},
				"leg_left": {
					"rotation": [-74.9354, -21.86002, 11.46542]
				},
				"leg_left2": {
					"rotation": [85, 0, 0]
				},
				"foot_left": {
					"rotation": [40, 0, 0]
				},
				"gem": {
					"position": [-6, 0, 0],
					"scale": 0
				},
				"ear_left": {
					"rotation": [-47.5, 0, 0],
					"position": [0, 1, 0]
				},
				"gem2": {
					"position": [0, 1, 0],
					"scale": 0
				},
				"ear_right": {
					"rotation": [-47.5, 0, 0],
					"position": [0, 1, 0]
				},
				"elbow_right": {
					"rotation": [0, 25, 0]
				},
				"mouth_closed": {
					"position": [0, -0.1, -0.1]
				},
				"gem3": {
					"scale": 1.5
				}
			}
		},
		"animation.sableye_mega.ground_walk": {
			"loop": true,
			"animation_length": 3,
			"bones": {
				"body": {
					"position": {
						"0.0": [0, 1, 0],
						"0.25": [0, -0.3, 0],
						"0.5": [0, 1, 0],
						"0.75": [0, -0.3, 0],
						"1.0": [0, 1, 0],
						"1.25": [0, -0.3, 0],
						"1.5": [0, 1, 0],